agent,model,file,prediction,response
base,gpt4olatest,base_gpt4olatest.csv,,"[{'messages': [{'role': 'user', 'content': ""The following is a question about chemistry.\n\nQuestion: What is the number of peaks in the 1H NMR spectrum of a molecule with SMILES CC1CCN=C(C)O1?\n\nYou MUST include the final answer within the following tags: [ANSWER] and [/ANSWER].\nFor example, '[ANSWER]<answer>[/ANSWER]', where <answer> is only one number. Always answer in exactly this format, with ONE NUMBER between the two tags, even if you are unsure. Use dots as decimal separator. We require this because we use automatic parsing.""}]}]"
Socrates,gpt4olatest,Socrates_gpt4olatest.csv,,"**Selected Principle(s):**  
The principle of **Definition** is suitable for this query because it requires clarifying the concept of peaks in a 1H NMR spectrum and understanding how molecular structure influences the number of peaks. Additionally, **Induction** can be applied to derive the number of peaks based on the specific molecular structure provided.

---

**Socratic Reformulation:**  
""What factors determine the number of peaks in the 1H NMR spectrum of a molecule, and how can we analyze the structure of CC1CCN=C(C)O1 to predict this number?""

---

**Follow-Up Questions:**  
1. ""What is the significance of chemical environments in determining the number of peaks in a 1H NMR spectrum?""  
2. ""How does symmetry within the molecule affect the number of unique hydrogen environments?""  
3. ""Can you identify the distinct hydrogen environments in the molecule CC1CCN=C(C)O1 based on its SMILES structure?""

---

**Self-Query and Answer:**  
To determine the number of peaks in the 1H NMR spectrum, we must analyze the molecule's structure and identify the unique hydrogen environments. The SMILES string CC1CCN=C(C)O1 represents a cyclic structure with a nitrogen atom and an oxygen atom in the ring, along with a methyl group attached to the nitrogen.  

1. **Step 1: Analyze the structure.**  
   - The molecule contains a six-membered ring with heteroatoms (N and O) and substituents (a methyl group).  
   - Each hydrogen atom in the molecule resides in a distinct chemical environment depending on its proximity to electronegative atoms, the ring structure, and substituents.  

2. **Step 2: Identify unique hydrogen environments.**  
   - The methyl group attached to the nitrogen contributes three equivalent hydrogens (one peak).  
   - The hydrogens on the carbon atoms in the ring are influenced by the ring's symmetry and the presence of heteroatoms.  
   - The molecule has no perfect symmetry, so each hydrogen in the ring is likely in a unique environment.  

3. **Step 3: Count the peaks.**  
   - Considering the distinct environments, the molecule has **six unique hydrogen environments**, corresponding to six peaks in the 1H NMR spectrum.  

---

**Final Answer:**  
[ANSWER]6[/ANSWER]"
Aristotle,gpt4olatest,Aristotle_gpt4olatest.csv,,"### 1. Selected Principle(s)

I will use **Genus–Differentia Definition** and **Categorization** to clarify the molecular structure and its implications for NMR peaks. Additionally, I will apply **Empirical Observation and Abstraction** to connect the molecular structure to the expected NMR spectrum.

### 2. Aristotelian Reformulation

The user’s question can be reformulated as:  
“What is the number of distinct proton environments in the molecule CC1CCN=C(C)O1, and how does this determine the number of peaks in its 1H NMR spectrum?”

### 3. Follow-Up Questions

1. Can you confirm whether the molecule is in a neutral state or if it has any charged forms that might affect symmetry?  
2. Should we assume that all protons are chemically distinct, or are there symmetry elements in the molecule that reduce the number of unique environments?  
3. Are we considering splitting patterns (multiplets) or only the number of unique chemical environments for this count?

### 4. Structured Analysis and Answer

#### Step 1: Molecular Structure Analysis
The SMILES string **CC1CCN=C(C)O1** represents a cyclic molecule with the following features:  
- A six-membered ring containing oxygen and nitrogen atoms.  
- A methyl group attached to the nitrogen atom via a double bond.  
- A methyl group attached to the ring directly.  

#### Step 2: Categorization of Proton Environments
In 1H NMR spectroscopy, the number of peaks corresponds to the number of **unique chemical environments** for hydrogen atoms. Symmetry in the molecule can reduce the number of distinct environments.  

Analyzing the structure:  
1. The two methyl groups are in different environments:  
   - One is attached to the ring (sp3 hybridized carbon).  
   - The other is attached to the nitrogen via a double bond (sp2 hybridized carbon).  
2. The ring contains protons on carbons that are chemically distinct due to the presence of oxygen and nitrogen atoms.  
3. The proton environments on the ring carbons are not equivalent due to asymmetry introduced by the substituents.

#### Step 3: Counting Unique Environments
After careful inspection, the molecule has **six unique proton environments**:  
1. Protons on the methyl group attached to the ring.  
2. Protons on the methyl group attached to the nitrogen.  
3. Protons on the ring carbons (four distinct environments due to asymmetry).  

#### Final Answer
The number of peaks in the 1H NMR spectrum is **6**.  

[ANSWER]6[/ANSWER]"
Descartes,gpt4olatest,Descartes_gpt4olatest.csv,,"**Selected Principle(s):**

1. **Clear and Distinct Ideas**: To ensure that the reasoning about the NMR peaks is precise and avoids ambiguity, we must clarify the structural features of the molecule and their implications for the spectrum.

2. **Decomposition of Problems**: The problem involves analyzing the molecule's structure and determining the number of distinct hydrogen environments. Breaking this into smaller steps will help ensure accuracy.

---

**Cartesian Reformulation:**

The question asks for the number of peaks in the 1H NMR spectrum of the molecule represented by the SMILES string `CC1CCN=C(C)O1`. To answer this, we must:

1. Analyze the molecular structure to identify distinct hydrogen environments.
2. Consider symmetry and equivalent hydrogens.
3. Count the number of unique environments that correspond to NMR peaks.

---

**Follow-Up Questions:**

1. What is the exact structure of the molecule represented by the SMILES string `CC1CCN=C(C)O1`? Can we visualize it clearly?
2. How many distinct hydrogen environments are present, considering symmetry and equivalence?
3. Are there any hydrogens that might not appear in the spectrum due to exchange or other effects?

---

**Structured Analysis and Answer:**

1. **Molecular Structure**: The SMILES string `CC1CCN=C(C)O1` represents a cyclic molecule with a 5-membered ring containing an oxygen atom (O) and a nitrogen atom (N). The molecule also has a methyl group (CH3) attached to the nitrogen atom and another methyl group attached to the ring.

2. **Hydrogen Environments**:
   - The two methyl groups (CH3) attached to the nitrogen and the ring are chemically distinct due to their different surroundings.
   - The hydrogens on the ring carbons are influenced by the ring's heteroatoms (O and N) and the substituents, leading to potentially distinct environments.
   - Symmetry within the ring may reduce the number of unique environments.

3. **Counting Peaks**:
   - After analyzing the structure, the molecule has **6 distinct hydrogen environments**. Each environment corresponds to a peak in the 1H NMR spectrum.

---

**Review and Summary:**

The reasoning has been checked step by step, ensuring that symmetry and chemical equivalence were considered. The molecule has 6 unique hydrogen environments, leading to 6 peaks in the 1H NMR spectrum.

---

[ANSWER]6[/ANSWER]"
Hegel,gpt4olatest,Hegel_gpt4olatest.csv,,[ANSWER]5[/ANSWER]
Hume,gpt4olatest,Hume_gpt4olatest.csv,,"### 1. Selected Principle(s)

I will use **impressions and ideas** and **relations of ideas vs matters of fact**. This question involves interpreting observable data (NMR peaks) based on chemical structure, which ties ideas to empirical impressions and logical reasoning.

---

### 2. Humean Reformulation

The question asks how many peaks would appear in the 1H NMR spectrum of the molecule with SMILES `CC1CCN=C(C)O1`. Reformulated, this is a problem of:

1. Identifying distinct hydrogen environments in the molecule.
2. Inferring the number of peaks based on symmetry and chemical shifts.
3. Assuming that the NMR spectrum reflects these environments without hidden anomalies.

---

### 3. Follow-Up Questions

1. “What are the distinct hydrogen environments in the molecule, based on its structure?”
2. “Does the molecule have any symmetry that would make certain hydrogens equivalent?”
3. “Are there any assumptions about experimental conditions (e.g., solvent or temperature) that might affect the spectrum?”

---

### 4. Structured Analysis and Answer

1. **Structure Analysis**:
   - The SMILES `CC1CCN=C(C)O1` represents a molecule with a cyclic structure (a 5-membered ring containing oxygen and nitrogen) and substituents.
   - The hydrogens on the carbons and other atoms need to be grouped into equivalent environments.

2. **Hydrogen Environments**:
   - The molecule has:
     - Two methyl groups (`CH3`) attached to different parts of the ring.
     - Hydrogens on the ring carbons.
     - No symmetry that would make all hydrogens equivalent.

3. **NMR Peaks**:
   - Each distinct environment corresponds to one peak.
   - The number of peaks depends on how many unique environments exist.

4. **Final Count**:
   - After analyzing the structure, the molecule has **6 distinct hydrogen environments**.

---

### 5. Synthesis and Cautious Conclusion

The number of peaks in the 1H NMR spectrum of the molecule `CC1CCN=C(C)O1` is [ANSWER]6[/ANSWER]. This conclusion assumes standard NMR conditions and no hidden factors affecting equivalence."
Plato,gpt4olatest,Plato_gpt4olatest.csv,,"Selected Principle(s):  
**Forms and Participation** and **Division and Collection**.  
These principles are suitable because the question involves identifying a stable pattern (the number of peaks in an NMR spectrum) and dividing the molecule into distinct environments for analysis.

Platonic Reformulation:  
“How does the molecule CC1CCN=C(C)O1 participate in the general structure of NMR spectroscopy, and how can we divide its hydrogen environments to determine the number of distinct peaks?”

Follow-Up Questions (Ladder of Ascent):  
1. “What are the distinct chemical environments for hydrogen atoms in this molecule?”  
2. “How does symmetry or equivalence affect the number of peaks in the spectrum?”  
3. “What general rules of NMR spectroscopy help us unify these observations into a single answer?”

Structured Analysis and Answer:  
1. **Division of Environments:**  
   The molecule CC1CCN=C(C)O1 contains several types of hydrogen environments:  
   - The methyl group (CH3) attached to the nitrogen.  
   - The hydrogens on the cyclopropane ring (CH2 groups).  
   - The hydrogen on the hydroxyl group (-OH).  

2. **Symmetry and Equivalence:**  
   - The cyclopropane ring introduces symmetry, making some hydrogens equivalent.  
   - The methyl group hydrogens are equivalent due to their identical environment.  
   - The hydroxyl hydrogen is unique.  

3. **General Rules:**  
   NMR peaks correspond to distinct environments of hydrogen atoms. Equivalent hydrogens produce one peak, while unique environments produce separate peaks.  

Final Answer:  
[ANSWER]4[/ANSWER]  

Synthesis and Orientation Forward:  
The molecule’s hydrogen environments divide into four distinct groups, each contributing one peak to the 1H NMR spectrum. This reflects the stable pattern of equivalence and uniqueness in chemical environments. To deepen understanding, consider how molecular symmetry influences equivalence in other molecules."
Kant,gpt4olatest,Kant_gpt4olatest.csv,,"1. **Selected Principle(s)**  
I will use the principles of **Conditions of Possibility** and **Functional Concepts Instead of Substance Concepts**. These principles are relevant because determining the number of peaks in a 1H NMR spectrum requires understanding the conceptual framework of NMR spectroscopy, including the conditions under which chemically distinct hydrogen environments are defined and how they function within the spectroscopic method.

2. **Kantian Reformulation**  
The question can be reformulated as:  
“What conceptual and structural conditions must be satisfied for chemically distinct hydrogen environments to appear as separate peaks in the 1H NMR spectrum of the given molecule? How does the functional role of these environments within the spectroscopic framework determine the number of peaks?”

3. **Follow-Up Questions**  
- What are the symmetry properties of the molecule, and how do they affect the equivalence of hydrogen atoms?  
- How does the local chemical environment (e.g., electronic effects, neighboring groups) influence the chemical shift of each hydrogen?  
- Are there any dynamic processes (e.g., tautomerism or conformational changes) that might average out distinct environments on the NMR timescale?

4. **Structured Analysis and Answer**  
- **Framework in Play**: The 1H NMR spectrum identifies chemically distinct hydrogen environments based on their electronic surroundings and symmetry. Equivalent hydrogens produce a single peak, while non-equivalent hydrogens produce separate peaks.  
- **Conceptual Commitments**: The analysis assumes that the molecule is static on the NMR timescale and that all hydrogens are observable. Symmetry and electronic effects are key to determining equivalence.  
- **Data Organization**: The SMILES string `CC1CCN=C(C)O1` represents a cyclic structure with a nitrogen atom in the ring and a hydroxyl group attached to it. The hydrogens on the methyl groups, ring carbons, and hydroxyl group must be analyzed for equivalence.  
- **Empirical Content**: The number of peaks corresponds to the number of distinct hydrogen environments.  
- **Conceptual Structure**: Symmetry within the molecule reduces the number of distinct environments. For example, hydrogens on equivalent carbons or in equivalent positions will contribute to the same peak.  

**Analysis**:  
- The molecule has a six-membered ring with a nitrogen atom and a hydroxyl group.  
- The two methyl groups attached to the ring are chemically equivalent due to symmetry.  
- The hydrogens on the ring carbons are not all equivalent because of the substituents (N and O).  
- The hydroxyl hydrogen is distinct.  

After analyzing the structure, the number of distinct hydrogen environments is **5**.

5. **Synthesis and Critical Orientation**  
The number of peaks in the 1H NMR spectrum is determined by the distinct chemical environments of the hydrogens, which depend on the molecule’s symmetry and substituents. If the framework assumptions (e.g., static structure, no rapid exchange) were violated, the number of peaks could change.  

[ANSWER]5[/ANSWER]"
base,gpt5,base_gpt5.csv,,"[{'messages': [{'role': 'user', 'content': ""The following is a question about chemistry.\n\nQuestion: What is the number of peaks in the 1H NMR spectrum of a molecule with SMILES CC1CCN=C(C)O1?\n\nYou MUST include the final answer within the following tags: [ANSWER] and [/ANSWER].\nFor example, '[ANSWER]<answer>[/ANSWER]', where <answer> is only one number. Always answer in exactly this format, with ONE NUMBER between the two tags, even if you are unsure. Use dots as decimal separator. We require this because we use automatic parsing.""}]}]"
Socrates,gpt5,Socrates_gpt5.csv,,"Selected principle(s):
- Definition and Elenchus. Definition helps clarify what counts as a distinct 1H NMR signal (chemical equivalence, enantiotopic vs diastereotopic protons, symmetry). Elenchus challenges the common assumption that both protons on a CH2 are always equivalent, which is crucial here due to potential chirality in the ring.

Socratic reformulation:
- How many distinct proton environments are present in CC1CCN=C(C)O1 when we account for molecular symmetry (or lack thereof) and possible diastereotopic CH2 protons?

Follow-up questions:
- Does the carbon bearing the external methyl (the ring carbon bonded to O, C, Me, and H) constitute a stereogenic center, and how would that affect the equivalence of nearby CH2 hydrogens?
- Are the two methyl groups (one on the ring carbon and one on the imine carbon) chemically equivalent, and why or why not?
- In a chiral, unsymmetrical heterocycle, should we generally expect CH2 hydrogens to be diastereotopic, and does any symmetry operation interconvert them here?

Self-query and answer:
- Map the structure: The six-membered heterocycle contains O and imine N; substituents are a methyl on the ring sp3 carbon (the acetal-like carbon) and a methyl on the imine carbon. Protons present: two methyl groups (each 3H), one methine on the substituted ring carbon (1H), and two ring methylenes (each 2H).
- Assess symmetry and chirality: The ring carbon bonded to O, to another ring carbon, to a methyl, and to H is a stereogenic center (four different substituents). The molecule is thus chiral and lacks symmetry that could make CH2 protons equivalent.
- Equivalence conclusions:
  - Each methyl group gives one signal (they are in different environments), so 2 signals from methyls.
  - The methine proton on the stereogenic carbon is distinct, giving 1 signal.
  - Each CH2 is adjacent within a chiral, unsymmetrical ring; their two H’s are diastereotopic and magnetically non-equivalent, giving 2 signals per CH2 (total 4).
- Total signals = 2 (methyls) + 1 (methine) + 4 (two diastereotopic CH2’s) = 7.

[ANSWER]7[/ANSWER]"
Aristotle,gpt5,Aristotle_gpt5.csv,,[ANSWER]7[/ANSWER]
Descartes,gpt5,Descartes_gpt5.csv,,"[{'messages': [{'role': 'user', 'content': ""The following is a question about chemistry.\n\nQuestion: What is the number of peaks in the 1H NMR spectrum of a molecule with SMILES CC1CCN=C(C)O1?\n\nYou MUST include the final answer within the following tags: [ANSWER] and [/ANSWER].\nFor example, '[ANSWER]<answer>[/ANSWER]', where <answer> is only one number. Always answer in exactly this format, with ONE NUMBER between the two tags, even if you are unsure. Use dots as decimal separator. We require this because we use automatic parsing.""}]}]"
Hegel,gpt5,Hegel_gpt5.csv,,"[{'messages': [{'role': 'user', 'content': ""The following is a question about chemistry.\n\nQuestion: What is the number of peaks in the 1H NMR spectrum of a molecule with SMILES CC1CCN=C(C)O1?\n\nYou MUST include the final answer within the following tags: [ANSWER] and [/ANSWER].\nFor example, '[ANSWER]<answer>[/ANSWER]', where <answer> is only one number. Always answer in exactly this format, with ONE NUMBER between the two tags, even if you are unsure. Use dots as decimal separator. We require this because we use automatic parsing.""}]}]"
Hume,gpt5,Hume_gpt5.csv,,"[{'messages': [{'role': 'user', 'content': ""The following is a question about chemistry.\n\nQuestion: What is the number of peaks in the 1H NMR spectrum of a molecule with SMILES CC1CCN=C(C)O1?\n\nYou MUST include the final answer within the following tags: [ANSWER] and [/ANSWER].\nFor example, '[ANSWER]<answer>[/ANSWER]', where <answer> is only one number. Always answer in exactly this format, with ONE NUMBER between the two tags, even if you are unsure. Use dots as decimal separator. We require this because we use automatic parsing.""}]}]"
Plato,gpt5,Plato_gpt5.csv,,"[{'messages': [{'role': 'user', 'content': ""The following is a question about chemistry.\n\nQuestion: What is the number of peaks in the 1H NMR spectrum of a molecule with SMILES CC1CCN=C(C)O1?\n\nYou MUST include the final answer within the following tags: [ANSWER] and [/ANSWER].\nFor example, '[ANSWER]<answer>[/ANSWER]', where <answer> is only one number. Always answer in exactly this format, with ONE NUMBER between the two tags, even if you are unsure. Use dots as decimal separator. We require this because we use automatic parsing.""}]}]"
Kant,gpt5,Kant_gpt5.csv,,"[{'messages': [{'role': 'user', 'content': ""The following is a question about chemistry.\n\nQuestion: What is the number of peaks in the 1H NMR spectrum of a molecule with SMILES CC1CCN=C(C)O1?\n\nYou MUST include the final answer within the following tags: [ANSWER] and [/ANSWER].\nFor example, '[ANSWER]<answer>[/ANSWER]', where <answer> is only one number. Always answer in exactly this format, with ONE NUMBER between the two tags, even if you are unsure. Use dots as decimal separator. We require this because we use automatic parsing.""}]}]"
base,gpt51,base_gpt51.csv,,"[{'messages': [{'role': 'user', 'content': ""The following is a question about chemistry.\n\nQuestion: What is the number of peaks in the 1H NMR spectrum of a molecule with SMILES CC1CCN=C(C)O1?\n\nYou MUST include the final answer within the following tags: [ANSWER] and [/ANSWER].\nFor example, '[ANSWER]<answer>[/ANSWER]', where <answer> is only one number. Always answer in exactly this format, with ONE NUMBER between the two tags, even if you are unsure. Use dots as decimal separator. We require this because we use automatic parsing.""}]}]"
Socrates,gpt51,Socrates_gpt51.csv,,"1. **Selected Principle(s):**  
   - **Definition** and **Maieutics**.  
   Definition helps clarify what is meant by “number of peaks” in ¹H NMR (chemically distinct sets of protons), while Maieutics guides us to use what you already know about symmetry and proton environments in NMR.

2. **Socratic Reformulation:**  
   How can we determine the number of distinct proton environments (and thus distinct peaks) in the ¹H NMR spectrum of the molecule CC1CCN=C(C)O1 by analyzing its structure and symmetry?

3. **Follow-Up Questions:**
   1. Which hydrogens in this structure are related by symmetry (i.e., can be interchanged by a symmetry operation) and therefore share the same chemical shift?  
   2. How does being on a heteroatom (like O in the ring) or on a nitrogen-adjacent carbon affect whether a proton is equivalent to others on a different carbon?  
   3. If you mentally “label” each carbon and its attached hydrogens, can you group them into sets where each set experiences the same electronic environment?

4. **Self-Query and Answer (Structured Reasoning):**

   - The SMILES CC1CCN=C(C)O1 corresponds to a 5-membered ring containing O and N, with exocyclic C=N–C(Me) and one N-methyl group.  
   - Identify proton-bearing groups:
     - Two equivalent methyl groups on nitrogen or carbon are not present simultaneously; here we have:
       - One N-methyl (–N–CH₃)  
       - One imine-side methyl (–C(=N)–CH₃)  
     - Ring CH₂ groups: two distinct CH₂ carbons in the ring (not symmetry-related).  
   - Check equivalence:
     - The two CH₂ carbons in the ring see different neighbors (one closer to O, one closer to exocyclic C=N), so they are not equivalent → 2 distinct CH₂ environments.  
     - The N-methyl and the imine-side methyl are attached to different atoms (N vs C) and in different electronic environments → 2 distinct CH₃ environments.  
   - No further symmetry makes any of these four sets equivalent, so the total number of chemically distinct proton sets (and thus peaks, ignoring fine splitting) is:
     - 2 distinct CH₂ sets  
     - 2 distinct CH₃ sets  
     = 4 distinct ¹H NMR peaks.

[ANSWER]4[/ANSWER]"
Aristotle,gpt51,Aristotle_gpt51.csv,,[ANSWER]5[/ANSWER]
Descartes,gpt51,Descartes_gpt51.csv,,"1. **Selected Principle(s):**  
   - Clear and Distinct Ideas (identify unique proton environments)  
   - Decomposition of Problems (analyze symmetry and each set of protons)

2. **Cartesian Reformulation:**  
   Determine how many *distinct* types of hydrogen atoms (chemically non-equivalent sets) exist in the molecule CC1CCN=C(C)O1, considering symmetry. Each distinct set corresponds to one peak in the ¹H NMR spectrum (ignoring fine splitting).

3. **Follow-Up Questions:**  
   1. Which hydrogens are on carbons that are symmetry-equivalent in the ring?  
   2. Are the two methyl groups (one at the imine carbon and one on the terminal carbon) equivalent by symmetry?  
   3. Does the nitrogen or oxygen bear any hydrogens in this SMILES (and thus contribute to ¹H NMR signals)?

4. **Structured Analysis and Answer:**

   - Parse SMILES: CC1CCN=C(C)O1  
     - A 5-membered ring: atoms 1–2–3–4–5 = C–C–N–C(=N)–O (but here: ring is C–C–N–C–O with exocyclic C=N). More concretely:
       - One ring carbon (call it C_A) is CH₂ (connected to another C and to ring).
       - Next ring carbon (C_B) is attached to a methyl group and to ring (CH, or possibly substituted CH₂ depending on exact bonding, but key is it has hydrogens).
       - Another ring carbon (C_C) is CH₂.
       - One ring atom is N (no H in this SMILES).
       - One ring atom is O (no H).
     - Outside the ring:
       - A methyl group attached to a ring carbon (C-CH₃).
       - A methyl group attached to the imine carbon (C=N–CH₃).

   - Distinct proton environments:
     1. Methyl on ring carbon (CH₃–C_ring): one environment.  
     2. Methyl on imine carbon (CH₃–C=N): different environment due to different attachment: second environment.  
     3. Ring CH₂ adjacent to ring C and ring N (C_AH₂): third environment.  
     4. Ring CH₂ adjacent to ring C and ring O or imine carbon (C_CH₂): fourth environment.  
     5. Any CH on the substituted ring carbon (if present as CH rather than fully substituted) would be another distinct environment; in this structure, that carbon indeed carries one H (attached to N and C and CH₃), giving a fifth unique environment.

   - There is no symmetry that makes the two CH₂ groups equivalent: they are next to different heteroatoms (one near N, one near O/imine).  
   - The two methyl groups are not related by symmetry: one is bound to sp² imine carbon, the other to an sp³ ring carbon.  
   - Nitrogen and oxygen in this SMILES have no hydrogens.

   Therefore, we obtain 5 distinct sets of protons → 5 peaks.

5. **Review and Summary:**  
   - Counted chemically distinct proton environments by examining connectivity and absence of symmetry.  
   - Two inequivalent methyl groups, two inequivalent CH₂ groups, and one CH on the substituted ring carbon give in total 5.  
   - This corresponds to 5 separate ¹H NMR signals (ignoring coupling patterns).

[ANSWER]5[/ANSWER]"
Hegel,gpt51,Hegel_gpt51.csv,,"[{'messages': [{'role': 'user', 'content': ""The following is a question about chemistry.\n\nQuestion: What is the number of peaks in the 1H NMR spectrum of a molecule with SMILES CC1CCN=C(C)O1?\n\nYou MUST include the final answer within the following tags: [ANSWER] and [/ANSWER].\nFor example, '[ANSWER]<answer>[/ANSWER]', where <answer> is only one number. Always answer in exactly this format, with ONE NUMBER between the two tags, even if you are unsure. Use dots as decimal separator. We require this because we use automatic parsing.""}]}]"
Hume,gpt51,Hume_gpt51.csv,,"[{'messages': [{'role': 'user', 'content': ""The following is a question about chemistry.\n\nQuestion: What is the number of peaks in the 1H NMR spectrum of a molecule with SMILES CC1CCN=C(C)O1?\n\nYou MUST include the final answer within the following tags: [ANSWER] and [/ANSWER].\nFor example, '[ANSWER]<answer>[/ANSWER]', where <answer> is only one number. Always answer in exactly this format, with ONE NUMBER between the two tags, even if you are unsure. Use dots as decimal separator. We require this because we use automatic parsing.""}]}]"
Plato,gpt51,Plato_gpt51.csv,,"[{'messages': [{'role': 'user', 'content': ""The following is a question about chemistry.\n\nQuestion: What is the number of peaks in the 1H NMR spectrum of a molecule with SMILES CC1CCN=C(C)O1?\n\nYou MUST include the final answer within the following tags: [ANSWER] and [/ANSWER].\nFor example, '[ANSWER]<answer>[/ANSWER]', where <answer> is only one number. Always answer in exactly this format, with ONE NUMBER between the two tags, even if you are unsure. Use dots as decimal separator. We require this because we use automatic parsing.""}]}]"
Kant,gpt51,Kant_gpt51.csv,,"[{'messages': [{'role': 'user', 'content': ""The following is a question about chemistry.\n\nQuestion: What is the number of peaks in the 1H NMR spectrum of a molecule with SMILES CC1CCN=C(C)O1?\n\nYou MUST include the final answer within the following tags: [ANSWER] and [/ANSWER].\nFor example, '[ANSWER]<answer>[/ANSWER]', where <answer> is only one number. Always answer in exactly this format, with ONE NUMBER between the two tags, even if you are unsure. Use dots as decimal separator. We require this because we use automatic parsing.""}]}]"
